ind,pop,reg,sst_max,sst_min,sal_max,sal_min,sal_mean,cur_vel_max,cur_vel_min,cur_vel_mean,chl_max,chl_min,chl_mean,diss_ox_max,diss_ox_min,diss_ox_mean,pH
SYD_1,A1,e_aus,24.82252,15.57178,35.69101,35.29402,35.53240204,0.2741984,0.73177403,0.201048553,1.239,0.317,0.613,243.9466705,211.3474426,224.640274,8.312000275
SYD_10,A1,e_aus,24.82252,15.57178,35.69101,35.29402,35.53240204,0.2741984,0.73177403,0.201048553,1.239,0.317,0.613,243.9466705,211.3474426,224.640274,8.312000275
SYD_11,A1,e_aus,24.82252,15.57178,35.69101,35.29402,35.53240204,0.2741984,0.73177403,0.201048553,1.239,0.317,0.613,243.9466705,211.3474426,224.640274,8.312000275
SYD_12,A1,e_aus,24.82252,15.57178,35.69101,35.29402,35.53240204,0.2741984,0.73177403,0.201048553,1.239,0.317,0.613,243.9466705,211.3474426,224.640274,8.312000275
SYD_13,A1,e_aus,24.82252,15.57178,35.69101,35.29402,35.53240204,0.2741984,0.73177403,0.201048553,1.239,0.317,0.613,243.9466705,211.3474426,224.640274,8.312000275
SYD_16,A1,e_aus,24.82252,15.57178,35.69101,35.29402,35.53240204,0.2741984,0.73177403,0.201048553,1.239,0.317,0.613,243.9466705,211.3474426,224.640274,8.312000275
SYD_18,A1,e_aus,24.82252,15.57178,35.69101,35.29402,35.53240204,0.2741984,0.73177403,0.201048553,1.239,0.317,0.613,243.9466705,211.3474426,224.640274,8.312000275
SYD_19,A1,e_aus,24.82252,15.57178,35.69101,35.29402,35.53240204,0.2741984,0.73177403,0.201048553,1.239,0.317,0.613,243.9466705,211.3474426,224.640274,8.312000275
SYD_2,A1,e_aus,24.82252,15.57178,35.69101,35.29402,35.53240204,0.2741984,0.73177403,0.201048553,1.239,0.317,0.613,243.9466705,211.3474426,224.640274,8.312000275
SYD_3,A1,e_aus,24.82252,15.57178,35.69101,35.29402,35.53240204,0.2741984,0.73177403,0.201048553,1.239,0.317,0.613,243.9466705,211.3474426,224.640274,8.312000275
SYD_4,A1,e_aus,24.82252,15.57178,35.69101,35.29402,35.53240204,0.2741984,0.73177403,0.201048553,1.239,0.317,0.613,243.9466705,211.3474426,224.640274,8.312000275
SYD_5,A1,e_aus,24.82252,15.57178,35.69101,35.29402,35.53240204,0.2741984,0.73177403,0.201048553,1.239,0.317,0.613,243.9466705,211.3474426,224.640274,8.312000275
SYD_6,A1,e_aus,24.82252,15.57178,35.69101,35.29402,35.53240204,0.2741984,0.73177403,0.201048553,1.239,0.317,0.613,243.9466705,211.3474426,224.640274,8.312000275
SYD_7,A1,e_aus,24.82252,15.57178,35.69101,35.29402,35.53240204,0.2741984,0.73177403,0.201048553,1.239,0.317,0.613,243.9466705,211.3474426,224.640274,8.312000275
SYD_8,A1,e_aus,24.82252,15.57178,35.69101,35.29402,35.53240204,0.2741984,0.73177403,0.201048553,1.239,0.317,0.613,243.9466705,211.3474426,224.640274,8.312000275
SYD_9,A1,e_aus,24.82252,15.57178,35.69101,35.29402,35.53240204,0.2741984,0.73177403,0.201048553,1.239,0.317,0.613,243.9466705,211.3474426,224.640274,8.312000275
BOT_1,A2,e_aus,24.82252,15.57178,35.69101,35.29402,35.53240204,0.2741984,0.73177403,0.201048553,1.239,0.317,0.613,243.9466705,211.3474426,224.640274,8.312000275
BOT_10,A2,e_aus,24.82252,15.57178,35.69101,35.29402,35.53240204,0.2741984,0.73177403,0.201048553,1.239,0.317,0.613,243.9466705,211.3474426,224.640274,8.312000275
BOT_12,A2,e_aus,24.82252,15.57178,35.69101,35.29402,35.53240204,0.2741984,0.73177403,0.201048553,1.239,0.317,0.613,243.9466705,211.3474426,224.640274,8.312000275
BOT_13,A2,e_aus,24.82252,15.57178,35.69101,35.29402,35.53240204,0.2741984,0.73177403,0.201048553,1.239,0.317,0.613,243.9466705,211.3474426,224.640274,8.312000275
BOT_14,A2,e_aus,24.82252,15.57178,35.69101,35.29402,35.53240204,0.2741984,0.73177403,0.201048553,1.239,0.317,0.613,243.9466705,211.3474426,224.640274,8.312000275
BOT_16,A2,e_aus,24.82252,15.57178,35.69101,35.29402,35.53240204,0.2741984,0.73177403,0.201048553,1.239,0.317,0.613,243.9466705,211.3474426,224.640274,8.312000275
BOT_17,A2,e_aus,24.82252,15.57178,35.69101,35.29402,35.53240204,0.2741984,0.73177403,0.201048553,1.239,0.317,0.613,243.9466705,211.3474426,224.640274,8.312000275
BOT_18,A2,e_aus,24.82252,15.57178,35.69101,35.29402,35.53240204,0.2741984,0.73177403,0.201048553,1.239,0.317,0.613,243.9466705,211.3474426,224.640274,8.312000275
BOT_19,A2,e_aus,24.82252,15.57178,35.69101,35.29402,35.53240204,0.2741984,0.73177403,0.201048553,1.239,0.317,0.613,243.9466705,211.3474426,224.640274,8.312000275
BOT_2,A2,e_aus,24.82252,15.57178,35.69101,35.29402,35.53240204,0.2741984,0.73177403,0.201048553,1.239,0.317,0.613,243.9466705,211.3474426,224.640274,8.312000275
BOT_20,A2,e_aus,24.82252,15.57178,35.69101,35.29402,35.53240204,0.2741984,0.73177403,0.201048553,1.239,0.317,0.613,243.9466705,211.3474426,224.640274,8.312000275
BOT_4,A2,e_aus,24.82252,15.57178,35.69101,35.29402,35.53240204,0.2741984,0.73177403,0.201048553,1.239,0.317,0.613,243.9466705,211.3474426,224.640274,8.312000275
BOT_5,A2,e_aus,24.82252,15.57178,35.69101,35.29402,35.53240204,0.2741984,0.73177403,0.201048553,1.239,0.317,0.613,243.9466705,211.3474426,224.640274,8.312000275
BOT_6,A2,e_aus,24.82252,15.57178,35.69101,35.29402,35.53240204,0.2741984,0.73177403,0.201048553,1.239,0.317,0.613,243.9466705,211.3474426,224.640274,8.312000275
BOT_7,A2,e_aus,24.82252,15.57178,35.69101,35.29402,35.53240204,0.2741984,0.73177403,0.201048553,1.239,0.317,0.613,243.9466705,211.3474426,224.640274,8.312000275
BOT_8,A2,e_aus,24.82252,15.57178,35.69101,35.29402,35.53240204,0.2741984,0.73177403,0.201048553,1.239,0.317,0.613,243.9466705,211.3474426,224.640274,8.312000275
BOT_9,A2,e_aus,24.82252,15.57178,35.69101,35.29402,35.53240204,0.2741984,0.73177403,0.201048553,1.239,0.317,0.613,243.9466705,211.3474426,224.640274,8.312000275
EDN_1,A3,e_aus,22.60434,13.42617,35.74207,35.37093,35.5602951,0.2367753,0.37869886,0.066246711,2.579,0.484,1.192,269.5662842,216.8545074,241.9396362,8.284000397
EDN_10,A3,e_aus,22.60434,13.42617,35.74207,35.37093,35.5602951,0.2367753,0.37869886,0.066246711,2.579,0.484,1.192,269.5662842,216.8545074,241.9396362,8.284000397
EDN_11,A3,e_aus,22.60434,13.42617,35.74207,35.37093,35.5602951,0.2367753,0.37869886,0.066246711,2.579,0.484,1.192,269.5662842,216.8545074,241.9396362,8.284000397
EDN_12,A3,e_aus,22.60434,13.42617,35.74207,35.37093,35.5602951,0.2367753,0.37869886,0.066246711,2.579,0.484,1.192,269.5662842,216.8545074,241.9396362,8.284000397
EDN_13,A3,e_aus,22.60434,13.42617,35.74207,35.37093,35.5602951,0.2367753,0.37869886,0.066246711,2.579,0.484,1.192,269.5662842,216.8545074,241.9396362,8.284000397
EDN_14,A3,e_aus,22.60434,13.42617,35.74207,35.37093,35.5602951,0.2367753,0.37869886,0.066246711,2.579,0.484,1.192,269.5662842,216.8545074,241.9396362,8.284000397
EDN_15,A3,e_aus,22.60434,13.42617,35.74207,35.37093,35.5602951,0.2367753,0.37869886,0.066246711,2.579,0.484,1.192,269.5662842,216.8545074,241.9396362,8.284000397
EDN_16,A3,e_aus,22.60434,13.42617,35.74207,35.37093,35.5602951,0.2367753,0.37869886,0.066246711,2.579,0.484,1.192,269.5662842,216.8545074,241.9396362,8.284000397
EDN_17,A3,e_aus,22.60434,13.42617,35.74207,35.37093,35.5602951,0.2367753,0.37869886,0.066246711,2.579,0.484,1.192,269.5662842,216.8545074,241.9396362,8.284000397
EDN_18,A3,e_aus,22.60434,13.42617,35.74207,35.37093,35.5602951,0.2367753,0.37869886,0.066246711,2.579,0.484,1.192,269.5662842,216.8545074,241.9396362,8.284000397
EDN_19,A3,e_aus,22.60434,13.42617,35.74207,35.37093,35.5602951,0.2367753,0.37869886,0.066246711,2.579,0.484,1.192,269.5662842,216.8545074,241.9396362,8.284000397
EDN_2,A3,e_aus,22.60434,13.42617,35.74207,35.37093,35.5602951,0.2367753,0.37869886,0.066246711,2.579,0.484,1.192,269.5662842,216.8545074,241.9396362,8.284000397
EDN_20,A3,e_aus,22.60434,13.42617,35.74207,35.37093,35.5602951,0.2367753,0.37869886,0.066246711,2.579,0.484,1.192,269.5662842,216.8545074,241.9396362,8.284000397
EDN_3,A3,e_aus,22.60434,13.42617,35.74207,35.37093,35.5602951,0.2367753,0.37869886,0.066246711,2.579,0.484,1.192,269.5662842,216.8545074,241.9396362,8.284000397
EDN_4,A3,e_aus,22.60434,13.42617,35.74207,35.37093,35.5602951,0.2367753,0.37869886,0.066246711,2.579,0.484,1.192,269.5662842,216.8545074,241.9396362,8.284000397
EDN_5,A3,e_aus,22.60434,13.42617,35.74207,35.37093,35.5602951,0.2367753,0.37869886,0.066246711,2.579,0.484,1.192,269.5662842,216.8545074,241.9396362,8.284000397
EDN_6,A3,e_aus,22.60434,13.42617,35.74207,35.37093,35.5602951,0.2367753,0.37869886,0.066246711,2.579,0.484,1.192,269.5662842,216.8545074,241.9396362,8.284000397
EDN_7,A3,e_aus,22.60434,13.42617,35.74207,35.37093,35.5602951,0.2367753,0.37869886,0.066246711,2.579,0.484,1.192,269.5662842,216.8545074,241.9396362,8.284000397
EDN_9,A3,e_aus,22.60434,13.42617,35.74207,35.37093,35.5602951,0.2367753,0.37869886,0.066246711,2.579,0.484,1.192,269.5662842,216.8545074,241.9396362,8.284000397
KLC_1,A4,se_aus,20.40379,11.53659,35.96026,35.47475,35.70884323,0.1230091,0.06050696,0.038922794,1.352,0.265,0.753,269.4762878,229.2541809,248.6068115,8.256999969
KLC_10,A4,se_aus,20.40379,11.53659,35.96026,35.47475,35.70884323,0.1230091,0.06050696,0.038922794,1.352,0.265,0.753,269.4762878,229.2541809,248.6068115,8.256999969
KLC_12,A4,se_aus,20.40379,11.53659,35.96026,35.47475,35.70884323,0.1230091,0.06050696,0.038922794,1.352,0.265,0.753,269.4762878,229.2541809,248.6068115,8.256999969
KLC_2,A4,se_aus,20.40379,11.53659,35.96026,35.47475,35.70884323,0.1230091,0.06050696,0.038922794,1.352,0.265,0.753,269.4762878,229.2541809,248.6068115,8.256999969
KLC_3,A4,se_aus,20.40379,11.53659,35.96026,35.47475,35.70884323,0.1230091,0.06050696,0.038922794,1.352,0.265,0.753,269.4762878,229.2541809,248.6068115,8.256999969
KLC_31,A4,se_aus,20.40379,11.53659,35.96026,35.47475,35.70884323,0.1230091,0.06050696,0.038922794,1.352,0.265,0.753,269.4762878,229.2541809,248.6068115,8.256999969
KLC_32,A4,se_aus,20.40379,11.53659,35.96026,35.47475,35.70884323,0.1230091,0.06050696,0.038922794,1.352,0.265,0.753,269.4762878,229.2541809,248.6068115,8.256999969
KLC_4,A4,se_aus,20.40379,11.53659,35.96026,35.47475,35.70884323,0.1230091,0.06050696,0.038922794,1.352,0.265,0.753,269.4762878,229.2541809,248.6068115,8.256999969
KLC_5,A4,se_aus,20.40379,11.53659,35.96026,35.47475,35.70884323,0.1230091,0.06050696,0.038922794,1.352,0.265,0.753,269.4762878,229.2541809,248.6068115,8.256999969
KLC_6,A4,se_aus,20.40379,11.53659,35.96026,35.47475,35.70884323,0.1230091,0.06050696,0.038922794,1.352,0.265,0.753,269.4762878,229.2541809,248.6068115,8.256999969
KLC_7,A4,se_aus,20.40379,11.53659,35.96026,35.47475,35.70884323,0.1230091,0.06050696,0.038922794,1.352,0.265,0.753,269.4762878,229.2541809,248.6068115,8.256999969
KLC_8,A4,se_aus,20.40379,11.53659,35.96026,35.47475,35.70884323,0.1230091,0.06050696,0.038922794,1.352,0.265,0.753,269.4762878,229.2541809,248.6068115,8.256999969
KLC_9,A4,se_aus,20.40379,11.53659,35.96026,35.47475,35.70884323,0.1230091,0.06050696,0.038922794,1.352,0.265,0.753,269.4762878,229.2541809,248.6068115,8.256999969
CWS_1,A5,se_aus,20.40379,11.53659,35.96416,35.47744,35.71726227,0.1130556,0.06025835,0.036340274,5.687,3.523,4.594,269.4926147,228.4651642,248.4129944,8.256999969
CWS_10,A5,se_aus,20.40379,11.53659,35.96416,35.47744,35.71726227,0.1130556,0.06025835,0.036340274,5.687,3.523,4.594,269.4926147,228.4651642,248.4129944,8.256999969
CWS_11,A5,se_aus,20.40379,11.53659,35.96416,35.47744,35.71726227,0.1130556,0.06025835,0.036340274,5.687,3.523,4.594,269.4926147,228.4651642,248.4129944,8.256999969
CWS_12,A5,se_aus,20.40379,11.53659,35.96416,35.47744,35.71726227,0.1130556,0.06025835,0.036340274,5.687,3.523,4.594,269.4926147,228.4651642,248.4129944,8.256999969
CWS_13,A5,se_aus,20.40379,11.53659,35.96416,35.47744,35.71726227,0.1130556,0.06025835,0.036340274,5.687,3.523,4.594,269.4926147,228.4651642,248.4129944,8.256999969
CWS_14,A5,se_aus,20.40379,11.53659,35.96416,35.47744,35.71726227,0.1130556,0.06025835,0.036340274,5.687,3.523,4.594,269.4926147,228.4651642,248.4129944,8.256999969
CWS_15,A5,se_aus,20.40379,11.53659,35.96416,35.47744,35.71726227,0.1130556,0.06025835,0.036340274,5.687,3.523,4.594,269.4926147,228.4651642,248.4129944,8.256999969
CWS_3,A5,se_aus,20.40379,11.53659,35.96416,35.47744,35.71726227,0.1130556,0.06025835,0.036340274,5.687,3.523,4.594,269.4926147,228.4651642,248.4129944,8.256999969
CWS_4,A5,se_aus,20.40379,11.53659,35.96416,35.47744,35.71726227,0.1130556,0.06025835,0.036340274,5.687,3.523,4.594,269.4926147,228.4651642,248.4129944,8.256999969
CWS_5,A5,se_aus,20.40379,11.53659,35.96416,35.47744,35.71726227,0.1130556,0.06025835,0.036340274,5.687,3.523,4.594,269.4926147,228.4651642,248.4129944,8.256999969
CWS_6,A5,se_aus,20.40379,11.53659,35.96416,35.47744,35.71726227,0.1130556,0.06025835,0.036340274,5.687,3.523,4.594,269.4926147,228.4651642,248.4129944,8.256999969
CWS_7,A5,se_aus,20.40379,11.53659,35.96416,35.47744,35.71726227,0.1130556,0.06025835,0.036340274,5.687,3.523,4.594,269.4926147,228.4651642,248.4129944,8.256999969
CWS_8,A5,se_aus,20.40379,11.53659,35.96416,35.47744,35.71726227,0.1130556,0.06025835,0.036340274,5.687,3.523,4.594,269.4926147,228.4651642,248.4129944,8.256999969
CWS_9,A5,se_aus,20.40379,11.53659,35.96416,35.47744,35.71726227,0.1130556,0.06025835,0.036340274,5.687,3.523,4.594,269.4926147,228.4651642,248.4129944,8.256999969
PTS_1,A6,se_aus,20.3923,11.48819,35.89136,35.44594,35.68956375,0.1024662,0.05973205,0.03243693,3.476,2.216,2.848,268.4695435,229.6413269,248.4042358,8.258999825
PTS_10,A6,se_aus,20.3923,11.48819,35.89136,35.44594,35.68956375,0.1024662,0.05973205,0.03243693,3.476,2.216,2.848,268.4695435,229.6413269,248.4042358,8.258999825
PTS_11,A6,se_aus,20.3923,11.48819,35.89136,35.44594,35.68956375,0.1024662,0.05973205,0.03243693,3.476,2.216,2.848,268.4695435,229.6413269,248.4042358,8.258999825
PTS_12,A6,se_aus,20.3923,11.48819,35.89136,35.44594,35.68956375,0.1024662,0.05973205,0.03243693,3.476,2.216,2.848,268.4695435,229.6413269,248.4042358,8.258999825
PTS_13,A6,se_aus,20.3923,11.48819,35.89136,35.44594,35.68956375,0.1024662,0.05973205,0.03243693,3.476,2.216,2.848,268.4695435,229.6413269,248.4042358,8.258999825
PTS_14,A6,se_aus,20.3923,11.48819,35.89136,35.44594,35.68956375,0.1024662,0.05973205,0.03243693,3.476,2.216,2.848,268.4695435,229.6413269,248.4042358,8.258999825
PTS_15,A6,se_aus,20.3923,11.48819,35.89136,35.44594,35.68956375,0.1024662,0.05973205,0.03243693,3.476,2.216,2.848,268.4695435,229.6413269,248.4042358,8.258999825
PTS_16,A6,se_aus,20.3923,11.48819,35.89136,35.44594,35.68956375,0.1024662,0.05973205,0.03243693,3.476,2.216,2.848,268.4695435,229.6413269,248.4042358,8.258999825
PTS_18,A6,se_aus,20.3923,11.48819,35.89136,35.44594,35.68956375,0.1024662,0.05973205,0.03243693,3.476,2.216,2.848,268.4695435,229.6413269,248.4042358,8.258999825
PTS_19,A6,se_aus,20.3923,11.48819,35.89136,35.44594,35.68956375,0.1024662,0.05973205,0.03243693,3.476,2.216,2.848,268.4695435,229.6413269,248.4042358,8.258999825
PTS_2,A6,se_aus,20.3923,11.48819,35.89136,35.44594,35.68956375,0.1024662,0.05973205,0.03243693,3.476,2.216,2.848,268.4695435,229.6413269,248.4042358,8.258999825
PTS_3,A6,se_aus,20.3923,11.48819,35.89136,35.44594,35.68956375,0.1024662,0.05973205,0.03243693,3.476,2.216,2.848,268.4695435,229.6413269,248.4042358,8.258999825
PTS_4,A6,se_aus,20.3923,11.48819,35.89136,35.44594,35.68956375,0.1024662,0.05973205,0.03243693,3.476,2.216,2.848,268.4695435,229.6413269,248.4042358,8.258999825
PTS_6,A6,se_aus,20.3923,11.48819,35.89136,35.44594,35.68956375,0.1024662,0.05973205,0.03243693,3.476,2.216,2.848,268.4695435,229.6413269,248.4042358,8.258999825
PTS_7,A6,se_aus,20.3923,11.48819,35.89136,35.44594,35.68956375,0.1024662,0.05973205,0.03243693,3.476,2.216,2.848,268.4695435,229.6413269,248.4042358,8.258999825
PTS_8,A6,se_aus,20.3923,11.48819,35.89136,35.44594,35.68956375,0.1024662,0.05973205,0.03243693,3.476,2.216,2.848,268.4695435,229.6413269,248.4042358,8.258999825
PTS_9,A6,se_aus,20.3923,11.48819,35.89136,35.44594,35.68956375,0.1024662,0.05973205,0.03243693,3.476,2.216,2.848,268.4695435,229.6413269,248.4042358,8.258999825
MO_1,A7,se_aus,20.40379,11.53659,35.87783,35.35595,35.59892654,0.1578139,0.08476838,0.053262495,0.749,0.312,0.488,270.8926392,232.9455261,250.5803375,8.255000114
MO_10,A7,se_aus,20.40379,11.53659,35.87783,35.35595,35.59892654,0.1578139,0.08476838,0.053262495,0.749,0.312,0.488,270.8926392,232.9455261,250.5803375,8.255000114
MO_12,A7,se_aus,20.40379,11.53659,35.87783,35.35595,35.59892654,0.1578139,0.08476838,0.053262495,0.749,0.312,0.488,270.8926392,232.9455261,250.5803375,8.255000114
MO_13,A7,se_aus,20.40379,11.53659,35.87783,35.35595,35.59892654,0.1578139,0.08476838,0.053262495,0.749,0.312,0.488,270.8926392,232.9455261,250.5803375,8.255000114
MO_14,A7,se_aus,20.40379,11.53659,35.87783,35.35595,35.59892654,0.1578139,0.08476838,0.053262495,0.749,0.312,0.488,270.8926392,232.9455261,250.5803375,8.255000114
MO_15,A7,se_aus,20.40379,11.53659,35.87783,35.35595,35.59892654,0.1578139,0.08476838,0.053262495,0.749,0.312,0.488,270.8926392,232.9455261,250.5803375,8.255000114
MO_16,A7,se_aus,20.40379,11.53659,35.87783,35.35595,35.59892654,0.1578139,0.08476838,0.053262495,0.749,0.312,0.488,270.8926392,232.9455261,250.5803375,8.255000114
MO_2,A7,se_aus,20.40379,11.53659,35.87783,35.35595,35.59892654,0.1578139,0.08476838,0.053262495,0.749,0.312,0.488,270.8926392,232.9455261,250.5803375,8.255000114
MO_3,A7,se_aus,20.40379,11.53659,35.87783,35.35595,35.59892654,0.1578139,0.08476838,0.053262495,0.749,0.312,0.488,270.8926392,232.9455261,250.5803375,8.255000114
MO_4,A7,se_aus,20.40379,11.53659,35.87783,35.35595,35.59892654,0.1578139,0.08476838,0.053262495,0.749,0.312,0.488,270.8926392,232.9455261,250.5803375,8.255000114
MO_5,A7,se_aus,20.40379,11.53659,35.87783,35.35595,35.59892654,0.1578139,0.08476838,0.053262495,0.749,0.312,0.488,270.8926392,232.9455261,250.5803375,8.255000114
MO_6,A7,se_aus,20.40379,11.53659,35.87783,35.35595,35.59892654,0.1578139,0.08476838,0.053262495,0.749,0.312,0.488,270.8926392,232.9455261,250.5803375,8.255000114
MO_9,A7,se_aus,20.40379,11.53659,35.87783,35.35595,35.59892654,0.1578139,0.08476838,0.053262495,0.749,0.312,0.488,270.8926392,232.9455261,250.5803375,8.255000114
LRI_3,C1,anto,24.62,13.38,34.91906,33.42595,34.57899857,0.2726331,0.10549021,0.139293626,10.723,1.796,4.398,247.3151398,191.1669769,228.011673,8.232999802
LRI_4,C1,anto,24.62,13.38,34.91906,33.42595,34.57899857,0.2726331,0.10549021,0.139293626,10.723,1.796,4.398,247.3151398,191.1669769,228.011673,8.232999802
LRI_5,C1,anto,24.62,13.38,34.91906,33.42595,34.57899857,0.2726331,0.10549021,0.139293626,10.723,1.796,4.398,247.3151398,191.1669769,228.011673,8.232999802
LRI_6,C1,anto,24.62,13.38,34.91906,33.42595,34.57899857,0.2726331,0.10549021,0.139293626,10.723,1.796,4.398,247.3151398,191.1669769,228.011673,8.232999802
LRI_a,C1,anto,24.62,13.38,34.91906,33.42595,34.57899857,0.2726331,0.10549021,0.139293626,10.723,1.796,4.398,247.3151398,191.1669769,228.011673,8.232999802
LRI_b_,C1,anto,24.62,13.38,34.91906,33.42595,34.57899857,0.2726331,0.10549021,0.139293626,10.723,1.796,4.398,247.3151398,191.1669769,228.011673,8.232999802
LRI_d,C1,anto,24.62,13.38,34.91906,33.42595,34.57899857,0.2726331,0.10549021,0.139293626,10.723,1.796,4.398,247.3151398,191.1669769,228.011673,8.232999802
CONCHI_1,C2,anto,24.54,13.28,34.9188,33.45252,34.58163452,0.2698596,0.10523889,0.137887016,28.595,2.561,8.219,246.9851532,188.7381287,227.3267365,8.232999802
CONCHI_10,C2,anto,24.54,13.28,34.9188,33.45252,34.58163452,0.2698596,0.10523889,0.137887016,28.595,2.561,8.219,246.9851532,188.7381287,227.3267365,8.232999802
CONCHI_12,C2,anto,24.54,13.28,34.9188,33.45252,34.58163452,0.2698596,0.10523889,0.137887016,28.595,2.561,8.219,246.9851532,188.7381287,227.3267365,8.232999802
CONCHI_13,C2,anto,24.54,13.28,34.9188,33.45252,34.58163452,0.2698596,0.10523889,0.137887016,28.595,2.561,8.219,246.9851532,188.7381287,227.3267365,8.232999802
CONCHI_14,C2,anto,24.54,13.28,34.9188,33.45252,34.58163452,0.2698596,0.10523889,0.137887016,28.595,2.561,8.219,246.9851532,188.7381287,227.3267365,8.232999802
CONCHI_3,C2,anto,24.54,13.28,34.9188,33.45252,34.58163452,0.2698596,0.10523889,0.137887016,28.595,2.561,8.219,246.9851532,188.7381287,227.3267365,8.232999802
CONCHI_4,C2,anto,24.54,13.28,34.9188,33.45252,34.58163452,0.2698596,0.10523889,0.137887016,28.595,2.561,8.219,246.9851532,188.7381287,227.3267365,8.232999802
CONCHI_5,C2,anto,24.54,13.28,34.9188,33.45252,34.58163452,0.2698596,0.10523889,0.137887016,28.595,2.561,8.219,246.9851532,188.7381287,227.3267365,8.232999802
CONCHI_6,C2,anto,24.54,13.28,34.9188,33.45252,34.58163452,0.2698596,0.10523889,0.137887016,28.595,2.561,8.219,246.9851532,188.7381287,227.3267365,8.232999802
CONCHI_8,C2,anto,24.54,13.28,34.9188,33.45252,34.58163452,0.2698596,0.10523889,0.137887016,28.595,2.561,8.219,246.9851532,188.7381287,227.3267365,8.232999802
CONCHI_9,C2,anto,24.54,13.28,34.9188,33.45252,34.58163452,0.2698596,0.10523889,0.137887016,28.595,2.561,8.219,246.9851532,188.7381287,227.3267365,8.232999802
CONCHI_b,C2,anto,24.54,13.28,34.9188,33.45252,34.58163452,0.2698596,0.10523889,0.137887016,28.595,2.561,8.219,246.9851532,188.7381287,227.3267365,8.232999802
CYP_13,C3,anto,24.89,13.27,34.91497,33.80105,34.61876297,0.2484204,0.10085388,0.127471879,11.603,3.111,7.387,245.2299957,183.677475,224.613266,8.232999802
CYP_3,C3,anto,24.89,13.27,34.91497,33.80105,34.61876297,0.2484204,0.10085388,0.127471879,11.603,3.111,7.387,245.2299957,183.677475,224.613266,8.232999802
CYP_4,C3,anto,24.89,13.27,34.91497,33.80105,34.61876297,0.2484204,0.10085388,0.127471879,11.603,3.111,7.387,245.2299957,183.677475,224.613266,8.232999802
CYP_5,C3,anto,24.89,13.27,34.91497,33.80105,34.61876297,0.2484204,0.10085388,0.127471879,11.603,3.111,7.387,245.2299957,183.677475,224.613266,8.232999802
CYP_7,C3,anto,24.89,13.27,34.91497,33.80105,34.61876297,0.2484204,0.10085388,0.127471879,11.603,3.111,7.387,245.2299957,183.677475,224.613266,8.232999802
CYP_A,C3,anto,24.89,13.27,34.91497,33.80105,34.61876297,0.2484204,0.10085388,0.127471879,11.603,3.111,7.387,245.2299957,183.677475,224.613266,8.232999802
CYP_B,C3,anto,24.89,13.27,34.91497,33.80105,34.61876297,0.2484204,0.10085388,0.127471879,11.603,3.111,7.387,245.2299957,183.677475,224.613266,8.232999802
CYP_C,C3,anto,24.89,13.27,34.91497,33.80105,34.61876297,0.2484204,0.10085388,0.127471879,11.603,3.111,7.387,245.2299957,183.677475,224.613266,8.232999802
AAA_01,C4,anto,24.57,13.17,34.91497,33.80105,34.61876297,0.2484204,0.10085388,0.127471879,11.603,3.111,7.387,245.2299957,183.677475,224.613266,8.232999802
AAA_03,C4,anto,24.57,13.17,34.91497,33.80105,34.61876297,0.2484204,0.10085388,0.127471879,11.603,3.111,7.387,245.2299957,183.677475,224.613266,8.232999802
AAA_3,C4,anto,24.57,13.17,34.91497,33.80105,34.61876297,0.2484204,0.10085388,0.127471879,11.603,3.111,7.387,245.2299957,183.677475,224.613266,8.232999802
AAA_4,C4,anto,24.57,13.17,34.91497,33.80105,34.61876297,0.2484204,0.10085388,0.127471879,11.603,3.111,7.387,245.2299957,183.677475,224.613266,8.232999802
AAA_7,C4,anto,24.57,13.17,34.91497,33.80105,34.61876297,0.2484204,0.10085388,0.127471879,11.603,3.111,7.387,245.2299957,183.677475,224.613266,8.232999802
AAA_8,C4,anto,24.57,13.17,34.91497,33.80105,34.61876297,0.2484204,0.10085388,0.127471879,11.603,3.111,7.387,245.2299957,183.677475,224.613266,8.232999802
AAA_9,C4,anto,24.57,13.17,34.91497,33.80105,34.61876297,0.2484204,0.10085388,0.127471879,11.603,3.111,7.387,245.2299957,183.677475,224.613266,8.232999802
AAA_A,C4,anto,24.57,13.17,34.91497,33.80105,34.61876297,0.2484204,0.10085388,0.127471879,11.603,3.111,7.387,245.2299957,183.677475,224.613266,8.232999802
AAA_b,C4,anto,24.57,13.17,34.91497,33.80105,34.61876297,0.2484204,0.10085388,0.127471879,11.603,3.111,7.387,245.2299957,183.677475,224.613266,8.232999802
ELWAY_01,C5,anto,24.43,13,34.91497,33.80105,34.61876297,0.2484204,0.10085388,0.127471879,11.603,3.111,7.387,245.2299957,183.677475,224.613266,8.232999802
ELWAY_02,C5,anto,24.43,13,34.91497,33.80105,34.61876297,0.2484204,0.10085388,0.127471879,11.603,3.111,7.387,245.2299957,183.677475,224.613266,8.232999802
ELWAY_03,C5,anto,24.43,13,34.91497,33.80105,34.61876297,0.2484204,0.10085388,0.127471879,11.603,3.111,7.387,245.2299957,183.677475,224.613266,8.232999802
ELWAY_11,C5,anto,24.43,13,34.91497,33.80105,34.61876297,0.2484204,0.10085388,0.127471879,11.603,3.111,7.387,245.2299957,183.677475,224.613266,8.232999802
ELWAY_12,C5,anto,24.43,13,34.91497,33.80105,34.61876297,0.2484204,0.10085388,0.127471879,11.603,3.111,7.387,245.2299957,183.677475,224.613266,8.232999802
ELWAY_13,C5,anto,24.43,13,34.91497,33.80105,34.61876297,0.2484204,0.10085388,0.127471879,11.603,3.111,7.387,245.2299957,183.677475,224.613266,8.232999802
ELWAY_5,C5,anto,24.43,13,34.91497,33.80105,34.61876297,0.2484204,0.10085388,0.127471879,11.603,3.111,7.387,245.2299957,183.677475,224.613266,8.232999802
ELWAY_6,C5,anto,24.43,13,34.91497,33.80105,34.61876297,0.2484204,0.10085388,0.127471879,11.603,3.111,7.387,245.2299957,183.677475,224.613266,8.232999802
ELWAY_7,C5,anto,24.43,13,34.91497,33.80105,34.61876297,0.2484204,0.10085388,0.127471879,11.603,3.111,7.387,245.2299957,183.677475,224.613266,8.232999802
ELWAY_9,C5,anto,24.43,13,34.91497,33.80105,34.61876297,0.2484204,0.10085388,0.127471879,11.603,3.111,7.387,245.2299957,183.677475,224.613266,8.232999802
ELWAY_A,C5,anto,24.43,13,34.91497,33.80105,34.61876297,0.2484204,0.10085388,0.127471879,11.603,3.111,7.387,245.2299957,183.677475,224.613266,8.232999802
ELWAY_C,C5,anto,24.43,13,34.91497,33.80105,34.61876297,0.2484204,0.10085388,0.127471879,11.603,3.111,7.387,245.2299957,183.677475,224.613266,8.232999802
ELWAY_D,C5,anto,24.43,13,34.91497,33.80105,34.61876297,0.2484204,0.10085388,0.127471879,11.603,3.111,7.387,245.2299957,183.677475,224.613266,8.232999802
BOLF_7,C6,anto,23.95,13.15,34.91497,33.80105,34.61876297,0.2484204,0.10085388,0.127471879,11.603,3.111,7.387,245.2299957,183.677475,224.613266,8.232999802
BOLF_C,C6,anto,23.95,13.15,34.91497,33.80105,34.61876297,0.2484204,0.10085388,0.127471879,11.603,3.111,7.387,245.2299957,183.677475,224.613266,8.232999802
BOLF_D,C6,anto,23.95,13.15,34.91497,33.80105,34.61876297,0.2484204,0.10085388,0.127471879,11.603,3.111,7.387,245.2299957,183.677475,224.613266,8.232999802
BOLF_F,C6,anto,23.95,13.15,34.91497,33.80105,34.61876297,0.2484204,0.10085388,0.127471879,11.603,3.111,7.387,245.2299957,183.677475,224.613266,8.232999802
BOLF_H,C6,anto,23.95,13.15,34.91497,33.80105,34.61876297,0.2484204,0.10085388,0.127471879,11.603,3.111,7.387,245.2299957,183.677475,224.613266,8.232999802
BOLF_M,C6,anto,23.95,13.15,34.91497,33.80105,34.61876297,0.2484204,0.10085388,0.127471879,11.603,3.111,7.387,245.2299957,183.677475,224.613266,8.232999802